state,seed,source_file,samples_raw,duration_s,raw_fs_hz,view_fs_hz,band_low_hz,band_high_hz,epoch_start_s,epoch_end_s,rms_au,p99_9_abs_au,peak_abs_au,delta_pct,theta_pct,alpha_pct,beta_pct,dominant_hz,spectral_centroid_hz,excess_kurtosis
5,1,lfp_state5_nhost=8.txt,4800000,120.0,40000.0,200.0,0.5,30.0,10.0,119.0,0.017021014672331507,0.06686061590241378,0.10329750926789645,10.611992160232953,12.600973285817984,17.001551513156873,57.58163391425371,18.1640625,14.606193843960167,0.4228871042862661
6,1,lfp_state6_nhost=8.txt,4800000,120.0,40000.0,200.0,0.5,30.0,10.0,119.0,0.004606695215612623,0.02885311715174415,0.042166433870491085,10.020674183022324,13.675991396818716,18.78109709929769,55.2554345431254,11.328125,14.484260087146096,6.803218207351131
7,1,lfp_state7_nhost=8.txt,4800000,120.0,40000.0,200.0,0.5,30.0,10.0,119.0,0.02077079036344032,0.08024246989774542,0.11513737206299755,13.178415161157899,13.367676177275149,18.63196451564057,52.6832180892112,19.53125,13.99951656233653,0.41760564072724815
8,1,lfp_state8_nhost=8.txt,4800000,120.0,40000.0,200.0,0.5,30.0,10.0,119.0,0.2128485127486136,1.9694831312058962,2.687592820436201,1.9146158469254417,60.202270814516055,11.79993065292794,24.536993483608903,5.6640625,10.074611841663897,30.23914169812096
9,1,lfp_state9_nhost=8.txt,4800000,120.0,40000.0,200.0,0.5,30.0,10.0,119.0,0.027206734550168532,0.10117962705970908,0.14874116715141567,15.207149224960155,12.155023125249777,17.887767360332454,52.63255713988821,0.78125,13.762504667639714,0.2772783800164378
10,1,lfp_state10_nhost=8.txt,4800000,120.0,40000.0,200.0,0.5,30.0,10.0,119.0,0.039729592749962406,0.24674574550356576,1.3196651494029963,16.869588446802084,20.574989194150735,13.479827042679618,46.63372349985391,1.171875,12.497583370410533,200.80535914129973
11,1,lfp_state11_nhost=8.txt,4800000,120.0,40000.0,200.0,0.5,30.0,10.0,119.0,0.032118790777629316,0.11603698424150113,0.18155492218038335,15.661769339290101,14.4261320202788,17.843380375349906,49.84082353742129,1.3671875,13.492967968185214,0.16471060314740882
12,1,lfp_state12_nhost=8.txt,4800000,120.0,40000.0,200.0,0.5,30.0,10.0,119.0,0.02654056562858713,0.0931802711521514,0.11405019144662566,14.093654651071413,14.491503701045314,16.443141584067327,52.878789028033445,1.171875,13.884616451686382,0.07247794693860676
13,1,lfp_state13_seed1_nhost=8.txt,4800000,120.0,40000.0,200.0,0.5,30.0,10.0,119.0,0.030588043063346018,0.11308363055889874,0.1542036422499084,15.054447074618333,14.481423007273207,17.1210837351234,51.463440944264384,6.0546875,13.576122033571345,0.17040835409676447
14,1,lfp_state14_seed1_nhost=8.txt,4800000,120.0,40000.0,200.0,0.5,30.0,10.0,119.0,0.15096833419538408,1.7561612055989486,2.61508710200453,6.98290938180749,58.01825142355437,4.4377698999588535,29.204066806002537,7.2265625,10.140013539668235,66.55048257334487
15,1,lfp_state15_seed1_nhost=8.txt,4800000,120.0,40000.0,200.0,0.5,30.0,10.0,119.0,0.030997347993919407,0.1148620473700284,0.15151284230926965,14.76838272727688,15.053983429395409,15.163079048933302,52.79367560453141,1.171875,13.74988058882849,0.133590767639304
16,1,lfp_state16_seed1_nhost=8.txt,4800000,120.0,40000.0,200.0,0.5,30.0,10.0,119.0,0.04490246263948555,0.35585444112368725,1.095453365556963,22.963416189730406,21.221237766589258,13.340052728642718,40.29638871429694,0.78125,11.373051123966766,86.71586636721707
17,1,lfp_state17_seed1_nhost=8.txt,4800000,120.0,40000.0,200.0,0.5,30.0,10.0,119.0,0.05870574462502989,0.6324427687141849,1.1296080518139107,14.997617244193632,33.72018329477353,14.35207408339374,32.782723741544814,6.4453125,10.984373439046037,58.654402051506345
18,1,lfp_state18_seed1_nhost=8.txt,4800000,120.0,40000.0,200.0,0.5,30.0,10.0,119.0,0.04556305473185857,0.36260873983785674,1.024312469774677,23.23012273640399,20.29945025481371,15.288437574310759,38.924600597681014,0.78125,11.235906111353843,65.0788289921832
19,1,lfp_state19_seed1_nhost=8.txt,4800000,120.0,40000.0,200.0,0.5,30.0,10.0,119.0,0.0759896756266498,0.8363768670640639,1.4040294960511963,13.781222649863988,35.53967066061934,11.288869428473538,35.78570870303389,6.4453125,11.092581636946887,55.89114236272404
20,1,lfp_state20_seed1_nhost=8.txt,4800000,120.0,40000.0,200.0,0.5,30.0,10.0,119.0,0.059204330893653075,0.6743134049219535,1.2562154089322446,16.843170330435797,31.845220667036504,11.908243892750466,37.3638417168493,6.640625,11.018047272031083,76.64425388826746
21,1,lfp_state21_seed1_nhost=8.txt,4800000,120.0,40000.0,200.0,0.5,30.0,10.0,119.0,0.040604084280810984,0.22871181528320858,0.6577147666313917,18.916315021628773,16.354242633818018,16.060419920872747,46.32046596969634,1.7578125,12.638069677710856,16.55259735253473
22,1,lfp_state22_seed1_nhost=8.txt,4800000,120.0,40000.0,200.0,0.5,30.0,10.0,119.0,0.07707395779609878,0.7741099432290268,1.1167883937108065,13.683310305453523,36.99839801052037,8.98980717511344,36.761941347184326,6.4453125,10.976828842942894,41.36921908598057
23,1,lfp_state23_seed1_nhost=8.txt,4800000,120.0,40000.0,200.0,0.5,30.0,10.0,119.0,0.06747470865383286,0.7458535961503744,1.036748011892107,16.547298997958585,35.169296243482094,11.511039812841277,33.71453655526306,6.4453125,10.736392464396875,50.33781808443144
24,1,lfp_state24_seed1_nhost=8.txt,4800000,120.0,40000.0,200.0,0.5,30.0,10.0,119.0,0.10852226176191083,1.1360333828260745,1.5874364378969228,10.37168455092042,40.73224901009412,7.422165711737101,39.33524174331012,6.640625,11.282537291927962,45.408617795570194
25,1,lfp_state25_seed1_nhost=8.txt,4800000,120.0,40000.0,200.0,0.5,30.0,10.0,119.0,0.13100278908250698,1.203571990017977,1.8352183992817028,10.818269869087228,45.402763265651146,8.362001235596074,32.07386800860506,6.4453125,10.460853612272434,32.37271045035947
26,1,lfp_state26_seed1_nhost=8.txt,4800000,120.0,40000.0,200.0,0.5,30.0,10.0,119.0,0.042473701086890955,0.29154337307600114,0.8368370774195242,20.867916727159205,17.4164570472952,15.408132393994611,43.80258624155519,1.3671875,12.14982746774018,35.585381956811055
27,1,lfp_state27_seed1_nhost=8.txt,4800000,120.0,40000.0,200.0,0.5,30.0,10.0,119.0,0.08297669985888603,0.8740018067548866,1.4035109424276726,15.543353229582879,36.11500858685309,10.854180689538685,33.72308357560034,6.4453125,10.734417289107775,51.217430520193474
28,1,lfp_state28_seed1_nhost=8.txt,4800000,120.0,40000.0,200.0,0.5,30.0,10.0,119.0,0.03150523468197238,0.11803340817811776,0.16826354175758398,15.667613301718013,13.627648044958537,16.042252328283052,52.29858716410097,1.7578125,13.656603942390262,0.15339573395336625
29,1,lfp_state29_seed1_nhost=8.txt,4800000,120.0,40000.0,200.0,0.5,30.0,10.0,119.0,0.0966629476362786,0.9204177678211336,1.6747414063995762,19.785443458746677,36.68788328522273,9.504015797738045,30.76034520843854,6.640625,9.960058902565326,38.980310071594324
30,1,lfp_state30_seed1_nhost=8.txt,4800000,120.0,40000.0,200.0,0.5,30.0,10.0,119.0,0.034875412227594174,0.1276797885987771,0.19436503592516177,18.315912592111577,14.3247612914036,16.739428846714503,48.285606085946334,1.3671875,13.056249842983203,0.17994015138157105
31,1,lfp_state31_seed1_nhost=8.txt,4800000,120.0,40000.0,200.0,0.5,30.0,10.0,119.0,0.0755715564863621,0.8214587083631502,1.6161356355058802,11.442192887996885,36.206105855424454,10.323626807814733,37.84414824584718,6.4453125,11.43525836780409,72.38194295886142
32,1,lfp_state32_seed1_nhost=8.txt,4800000,120.0,40000.0,200.0,0.5,30.0,10.0,119.0,0.037023868490264136,0.13625191574674272,0.17267636273702952,19.85937506788738,14.454599052090211,15.403538147559336,48.18501792595739,1.5625,12.942226912390707,0.18680861339778376
33,1,lfp_state33_seed1_nhost=8.txt,4800000,120.0,40000.0,200.0,0.5,30.0,10.0,119.0,0.0367972064480293,0.13945682973631882,0.1776663496570516,18.684528528985215,14.62551564563433,16.630596755780232,47.83676104664572,2.1484375,12.892916322738264,0.2874853900817187
34,1,lfp_state34_seed1_nhost=8.txt,4800000,120.0,40000.0,200.0,0.5,30.0,10.0,119.0,0.8792991318339302,3.9178097960607836,6.273951901433255,93.77659929155833,2.5269290967323275,1.54506394612107,1.8055446260854968,0.78125,1.6623121579735463,1.4839563276045267
35,1,lfp_state35_seed1_nhost=8.txt,4800000,120.0,40000.0,200.0,0.5,30.0,10.0,119.0,0.5569541384861412,3.103718054896251,4.785812611617981,77.52402300309664,10.247845703348256,5.555945446693875,5.8394479741486025,0.78125,3.3687477407705093,4.267552093194816
36,1,lfp_state36_seed1_nhost=8.txt,4800000,120.0,40000.0,200.0,0.5,30.0,10.0,119.0,0.5381779604564692,3.1724008172356015,4.092751782451166,17.91211706443451,49.94852662939282,16.032876816448105,14.879649887191086,5.078125,7.594711502760475,4.827565168641204
37,1,lfp_state37_seed1_nhost=8.txt,4800000,120.0,40000.0,200.0,0.5,30.0,10.0,119.0,0.05933888636107211,0.20413553834481948,0.3722102755660426,20.31230686546303,0.9977340759294433,0.23492479206689354,78.21280043666887,20.3125,16.867469478284054,0.2533255668507328
38,1,lfp_state38_seed1_nhost=8.txt,4800000,120.0,40000.0,200.0,0.5,30.0,10.0,119.0,1.0203639998368148,3.4056720307516546,4.977954461733835,97.24732475955135,1.2213141744709402,0.639839034190117,0.6855922541825116,0.78125,1.1865842610744355,-0.1227293122133446
39,1,lfp_state39_seed1_nhost=8.txt,4800000,120.0,40000.0,200.0,0.5,30.0,10.0,119.0,1.2540412334354032,4.451672457921297,6.254345848643659,96.61475668058785,1.398049455247661,0.9431599367135827,0.8173127633148137,0.78125,1.2554977815082367,-0.34369903804663116
40,1,lfp_state40_seed1_nhost=8.txt,4800000,120.0,40000.0,200.0,0.5,30.0,10.0,119.0,0.6211849023117667,3.03252521257621,4.099335898801518,84.69726915100156,6.588416491370287,3.9908978036647347,4.033085195588129,0.78125,2.574780572115326,1.9888046624411544
41,1,lfp_state41_seed1_nhost=8.txt,4800000,120.0,40000.0,200.0,0.5,30.0,10.0,119.0,0.6047639979263267,3.1628780583822667,3.8216472950308287,85.09312704492366,6.304478247231443,3.8512076151815737,4.133598814761394,0.78125,2.6341240601849183,2.3715665524931904
42,1,lfp_state42_seed1_nhost=8.txt,4800000,120.0,40000.0,200.0,0.5,30.0,10.0,119.0,0.6425681111805738,2.8376453911360486,4.508050044158921,89.13578750317272,4.704756927270925,2.521541666281434,3.1584072144208752,0.78125,2.2564946863376987,1.4743040402056717
43,1,lfp_state43_seed1_nhost=8.txt,4800000,120.0,40000.0,200.0,0.5,30.0,10.0,119.0,0.65529812481607,3.1577678439737564,3.881002288679615,88.5260537719555,4.700790517509797,2.6740633107705656,3.5339234361017695,0.78125,2.2793132751926075,1.8849277349117362
44,1,lfp_state44_seed1_nhost=8.txt,4800000,120.0,40000.0,200.0,0.5,30.0,10.0,119.0,0.7779595361502633,3.5912274145431256,4.962322273366219,92.2051018146042,3.205620560767012,2.161980643548488,2.049978467449105,0.78125,1.8034596175042596,1.482445180588262
45,1,lfp_state45_seed1_nhost=8.txt,4800000,120.0,40000.0,200.0,0.5,30.0,10.0,119.0,0.6676996135054607,3.5922002819779415,4.868095748972534,63.36693975839855,18.257552795514997,7.270033735370823,9.538628554186284,0.78125,4.632670462997497,4.037732305784085
